<?xml version="1.0" encoding="UTF-8" standalone="yes"?>
<addon id="repository.Weebay__Modz" name="My Test Repo Weebay" version="0.0.1" provider-name="Dominick">
	<extension point="xbmc.addon.repository" name="My Test Repo Weebay">
		<dir>
			<info compressed="false">https://raw.githubusercontent.com/totalrevolution/python-koding/master/zips/addons.xml</info>
			<checksum>https://raw.githubusercontent.com/totalrevolution/python-koding/master/zips/addons.xml.md5</checksum>
			<datadir zip="true">https://raw.githubusercontent.com/totalrevolution/python-koding/master/zips/</datadir>
		</dir>
		<info compressed="false">https://raw.githubusercontent.com/nintendo1516/repository.Weebay__Modz/master/zips/addons.xml</info>
		<checksum>https://raw.githubusercontent.com/nintendo1516/repository.Weebay__Modz/master/zips/addons.xml.md5</checksum>
		<datadir zip="true">https://raw.githubusercontent.com/nintendo1516/repository.Weebay__Modz/master/zips/</datadir>
	</extension>
	<extension point="xbmc.addon.metadata">
		<summary lang="en">Quick one liner about the repository</summary>
		<description lang="en">Full repository description.</description>
		<genre>comedy,movies,news,tvshows</genre>
	</extension>
</addon>